{
  "timestamp": 1742286178.069959,
  "instance_id": 4037,
  "uptime": 0.014285564422607422,
  "status": "running"
}