{
  "timestamp": 1742294469.6320727,
  "instance_id": 7696,
  "uptime": 6125.058230161667,
  "status": "running"
}